,xGoal,result
0,[0.17465976],0
1,[0.05299655],0
2,[0.1901108],0
3,[0.03890771],1
4,[0.06040138],0
5,[0.06266963],0
6,[0.04257306],0
7,[0.04253846],0
8,[0.97850436],0
9,[0.05539781],0
10,[0.2533303],0
11,[0.21479985],0
12,[0.56433105],0
13,[0.04255062],0
14,[0.01055822],0
15,[0.03775999],0
16,[0.00945994],0
17,[0.14583954],0
18,[0.14348389],0
19,[0.06351684],0
20,[0.1963305],0
21,[0.06902126],0
